[
  "Toronto, ON",
  "Montreal, QC",
  "Vancouver, BC",
  "Calgary, AB",
  "Edmonton, AB",
  "Ottawa, ON",
  "Winnipeg, MB",
  "Quebec City, QC",
  "Hamilton, ON",
  "Kitchener, ON",
  "London, ON",
  "Victoria, BC",
  "Halifax, NS",
  "Oshawa, ON",
  "Windsor, ON",
  "Saskatoon, SK",
  "Regina, SK",
  "St. Catharines, ON",
  "Kelowna, BC",
  "Barrie, ON",
  "Guelph, ON",
  "Kingston, ON",
  "Moncton, NB",
  "Sherbrooke, QC",
  "Saint John, NB",
  "Trois-Rivi\u00e8res, QC",
  "Red Deer, AB",
  "Lethbridge, AB",
  "Nanaimo, BC",
  "Kamloops, BC",
  "Prince George, BC",
  "Thunder Bay, ON",
  "Sudbury, ON",
  "Sault Ste. Marie, ON",
  "Peterborough, ON",
  "Medicine Hat, AB",
  "Grande Prairie, AB",
  "Fredericton, NB",
  "Charlottetown, PE",
  "St. John's, NL",
  "Whitehorse, YT",
  "Yellowknife, NT",
  "Iqaluit, NU",
  "Toronto, ON",
  "Montreal, QC",
  "Vancouver, BC",
  "Calgary, AB",
  "Edmonton, AB",
  "Ottawa, ON",
  "Winnipeg, MB",
  "Quebec City, QC",
  "Hamilton, ON",
  "Kitchener, ON",
  "London, ON",
  "Victoria, BC",
  "Halifax, NS",
  "Oshawa, ON",
  "Windsor, ON",
  "Saskatoon, SK",
  "Regina, SK",
  "St. Catharines, ON",
  "Kelowna, BC",
  "Barrie, ON",
  "Guelph, ON",
  "Kingston, ON",
  "Moncton, NB",
  "Sherbrooke, QC",
  "Saint John, NB",
  "Trois-Rivi\u00e8res, QC",
  "Red Deer, AB",
  "Lethbridge, AB",
  "Nanaimo, BC",
  "Kamloops, BC",
  "Prince George, BC",
  "Thunder Bay, ON",
  "Sudbury, ON",
  "Sault Ste. Marie, ON",
  "Peterborough, ON",
  "Medicine Hat, AB",
  "Grande Prairie, AB",
  "New York, NY",
  "Los Angeles, CA",
  "Chicago, IL",
  "Houston, TX",
  "Phoenix, AZ",
  "Philadelphia, PA",
  "San Antonio, TX",
  "San Diego, CA",
  "Dallas, TX",
  "San Jose, CA",
  "Austin, TX",
  "Jacksonville, FL",
  "Fort Worth, TX",
  "Columbus, OH",
  "Charlotte, NC",
  "San Francisco, CA",
  "Indianapolis, IN",
  "Seattle, WA",
  "Denver, CO",
  "Washington, DC",
  "Boston, MA",
  "El Paso, TX",
  "Nashville, TN",
  "Detroit, MI",
  "Oklahoma City, OK",
  "Portland, OR",
  "Las Vegas, NV",
  "Memphis, TN",
  "Louisville, KY",
  "Baltimore, MD",
  "Milwaukee, WI",
  "Albuquerque, NM",
  "Tucson, AZ",
  "Fresno, CA",
  "Sacramento, CA",
  "Mesa, AZ",
  "Atlanta, GA",
  "Kansas City, MO",
  "Colorado Springs, CO",
  "Miami, FL",
  "Raleigh, NC",
  "Omaha, NE",
  "Long Beach, CA",
  "Virginia Beach, VA",
  "Oakland, CA",
  "Minneapolis, MN",
  "Tulsa, OK",
  "Tampa, FL",
  "Arlington, TX",
  "New Orleans, LA",
  "Wichita, KS",
  "Cleveland, OH",
  "Bakersfield, CA",
  "Aurora, CO",
  "Anaheim, CA",
  "Honolulu, HI",
  "Santa Ana, CA",
  "Riverside, CA",
  "Corpus Christi, TX",
  "Lexington, KY",
  "Henderson, NV",
  "Stockton, CA",
  "St. Paul, MN",
  "Cincinnati, OH",
  "Pittsburgh, PA",
  "Greensboro, NC",
  "Anchorage, AK",
  "Plano, TX",
  "Lincoln, NE",
  "Orlando, FL",
  "Irvine, CA",
  "Newark, NJ",
  "Durham, NC",
  "Chula Vista, CA",
  "Toledo, OH",
  "Fort Wayne, IN",
  "St. Louis, MO",
  "Jersey City, NJ",
  "Chandler, AZ",
  "Laredo, TX",
  "Madison, WI",
  "Lubbock, TX",
  "Scottsdale, AZ",
  "Reno, NV",
  "Buffalo, NY",
  "Gilbert, AZ",
  "Glendale, AZ",
  "North Las Vegas, NV",
  "Winston-Salem, NC",
  "Chesapeake, VA",
  "Norfolk, VA",
  "Fremont, CA",
  "Garland, TX",
  "Irving, TX",
  "Hialeah, FL",
  "Richmond, VA",
  "Boise, ID",
  "Spokane, WA",
  "Baton Rouge, LA",
  "Tacoma, WA",
  "San Bernardino, CA",
  "Modesto, CA",
  "Fontana, CA",
  "Des Moines, IA",
  "Moreno Valley, CA",
  "Santa Clarita, CA",
  "Fayetteville, NC",
  "Birmingham, AL",
  "Oxnard, CA",
  "Rochester, NY",
  "Port St. Lucie, FL",
  "Grand Rapids, MI",
  "Huntsville, AL",
  "Salt Lake City, UT",
  "Frisco, TX",
  "New York, NY",
  "Los Angeles, CA",
  "Chicago, IL",
  "Houston, TX",
  "Phoenix, AZ"
]